model_name,accuracy,macro_f1,n_total,n_train,n_test,confusion_matrix
random_forest,0.9425742574257425,0.6535150511781103,2020,1515,505,"[[283, 0, 0, 2], [0, 0, 0, 5], [1, 0, 10, 6], [14, 0, 1, 183]]"
xgboost,0.9425742574257425,0.65298759663175,2020,1515,505,"[[284, 0, 0, 1], [0, 0, 0, 5], [3, 0, 11, 3], [14, 0, 3, 181]]"
lightgbm,0.9366336633663367,0.6405952934061963,2020,1515,505,"[[285, 0, 0, 0], [0, 0, 0, 5], [3, 0, 10, 4], [14, 3, 3, 178]]"
