model_name,accuracy,macro_f1,n_total,n_train,n_test,confusion_matrix
gradient_boosting,0.9346534653465347,0.6818485840638856,2019,1514,505,"[[284, 0, 0, 1], [0, 0, 0, 5], [3, 0, 13, 1], [15, 7, 1, 175]]"
random_forest,0.9425742574257425,0.6478854087285166,2019,1514,505,"[[284, 0, 0, 1], [0, 0, 0, 5], [2, 0, 10, 5], [14, 0, 2, 182]]"
hist_gradient_boosting,0.9366336633663367,0.6398408233517777,2019,1514,505,"[[284, 0, 0, 1], [0, 0, 0, 5], [3, 0, 10, 4], [15, 1, 3, 179]]"
