model_name,accuracy,macro_f1,n_total,n_train,n_test,confusion_matrix
xgboost,0.9967948717948718,0.49919743178170145,3742,2806,936,"[[0, 0, 0], [0, 0, 0], [3, 0, 933]]"
lightgbm,0.9423076923076923,0.48514851485148514,3742,2806,936,"[[0, 0, 0], [0, 0, 0], [54, 0, 882]]"
random_forest,0.8878205128205128,0.4702886247877759,3742,2806,936,"[[0, 0, 0], [0, 0, 0], [105, 0, 831]]"
